
-- Insert into combos
INSERT INTO combos (id, name, price, description, status, image_url) VALUES
(4, 'Combo đặc biệt 4', 270195, 'Mô tả cho combo 4', 'unavailable', 'https://picsum.photos/seed/combo4/200'),
(5, 'Combo đặc biệt 5', 643734, 'Mô tả cho combo 5', 'available', 'https://picsum.photos/seed/combo5/200'),
(6, 'Combo đặc biệt 6', 881411, 'Mô tả cho combo 6', 'available', 'https://picsum.photos/seed/combo6/200'),
(7, 'Combo đặc biệt 7', 667102, 'Mô tả cho combo 7', 'unavailable', 'https://picsum.photos/seed/combo7/200'),
(8, 'Combo đặc biệt 8', 243855, 'Mô tả cho combo 8', 'available', 'https://picsum.photos/seed/combo8/200'),
(9, 'Combo đặc biệt 9', 651289, 'Mô tả cho combo 9', 'unavailable', 'https://picsum.photos/seed/combo9/200'),
(10, 'Combo đặc biệt 10', 472015, 'Mô tả cho combo 10', 'unavailable', 'https://picsum.photos/seed/combo10/200'),
(11, 'Combo đặc biệt 11', 639665, 'Mô tả cho combo 11', 'unavailable', 'https://picsum.photos/seed/combo11/200'),
(12, 'Combo đặc biệt 12', 314513, 'Mô tả cho combo 12', 'unavailable', 'https://picsum.photos/seed/combo12/200'),
(13, 'Combo đặc biệt 13', 753040, 'Mô tả cho combo 13', 'unavailable', 'https://picsum.photos/seed/combo13/200'),
(14, 'Combo đặc biệt 14', 781144, 'Mô tả cho combo 14', 'unavailable', 'https://picsum.photos/seed/combo14/200'),
(15, 'Combo đặc biệt 15', 366300, 'Mô tả cho combo 15', 'unavailable', 'https://picsum.photos/seed/combo15/200'),
(16, 'Combo đặc biệt 16', 275086, 'Mô tả cho combo 16', 'unavailable', 'https://picsum.photos/seed/combo16/200'),
(17, 'Combo đặc biệt 17', 417397, 'Mô tả cho combo 17', 'available', 'https://picsum.photos/seed/combo17/200'),
(18, 'Combo đặc biệt 18', 652598, 'Mô tả cho combo 18', 'available', 'https://picsum.photos/seed/combo18/200'),
(19, 'Combo đặc biệt 19', 347830, 'Mô tả cho combo 19', 'available', 'https://picsum.photos/seed/combo19/200'),
(20, 'Combo đặc biệt 20', 863744, 'Mô tả cho combo 20', 'unavailable', 'https://picsum.photos/seed/combo20/200'),
(21, 'Combo đặc biệt 21', 479725, 'Mô tả cho combo 21', 'unavailable', 'https://picsum.photos/seed/combo21/200'),
(22, 'Combo đặc biệt 22', 681233, 'Mô tả cho combo 22', 'available', 'https://picsum.photos/seed/combo22/200'),
(23, 'Combo đặc biệt 23', 209804, 'Mô tả cho combo 23', 'available', 'https://picsum.photos/seed/combo23/200'),
(24, 'Combo đặc biệt 24', 891214, 'Mô tả cho combo 24', 'available', 'https://picsum.photos/seed/combo24/200'),
(25, 'Combo đặc biệt 25', 310470, 'Mô tả cho combo 25', 'unavailable', 'https://picsum.photos/seed/combo25/200'),
(26, 'Combo đặc biệt 26', 846289, 'Mô tả cho combo 26', 'unavailable', 'https://picsum.photos/seed/combo26/200'),
(27, 'Combo đặc biệt 27', 723428, 'Mô tả cho combo 27', 'available', 'https://picsum.photos/seed/combo27/200'),
(28, 'Combo đặc biệt 28', 898095, 'Mô tả cho combo 28', 'available', 'https://picsum.photos/seed/combo28/200'),
(29, 'Combo đặc biệt 29', 202814, 'Mô tả cho combo 29', 'available', 'https://picsum.photos/seed/combo29/200'),
(30, 'Combo đặc biệt 30', 830972, 'Mô tả cho combo 30', 'unavailable', 'https://picsum.photos/seed/combo30/200'),
(31, 'Combo đặc biệt 31', 288536, 'Mô tả cho combo 31', 'available', 'https://picsum.photos/seed/combo31/200'),
(32, 'Combo đặc biệt 32', 244100, 'Mô tả cho combo 32', 'unavailable', 'https://picsum.photos/seed/combo32/200'),
(33, 'Combo đặc biệt 33', 539489, 'Mô tả cho combo 33', 'unavailable', 'https://picsum.photos/seed/combo33/200'),
(34, 'Combo đặc biệt 34', 393635, 'Mô tả cho combo 34', 'available', 'https://picsum.photos/seed/combo34/200'),
(35, 'Combo đặc biệt 35', 859608, 'Mô tả cho combo 35', 'unavailable', 'https://picsum.photos/seed/combo35/200'),
(36, 'Combo đặc biệt 36', 705274, 'Mô tả cho combo 36', 'available', 'https://picsum.photos/seed/combo36/200'),
(37, 'Combo đặc biệt 37', 806133, 'Mô tả cho combo 37', 'unavailable', 'https://picsum.photos/seed/combo37/200'),
(38, 'Combo đặc biệt 38', 486280, 'Mô tả cho combo 38', 'available', 'https://picsum.photos/seed/combo38/200'),
(39, 'Combo đặc biệt 39', 795739, 'Mô tả cho combo 39', 'available', 'https://picsum.photos/seed/combo39/200'),
(40, 'Combo đặc biệt 40', 462801, 'Mô tả cho combo 40', 'unavailable', 'https://picsum.photos/seed/combo40/200'),
(41, 'Combo đặc biệt 41', 492961, 'Mô tả cho combo 41', 'available', 'https://picsum.photos/seed/combo41/200'),
(42, 'Combo đặc biệt 42', 326373, 'Mô tả cho combo 42', 'available', 'https://picsum.photos/seed/combo42/200'),
(43, 'Combo đặc biệt 43', 395877, 'Mô tả cho combo 43', 'available', 'https://picsum.photos/seed/combo43/200'),
(44, 'Combo đặc biệt 44', 284767, 'Mô tả cho combo 44', 'unavailable', 'https://picsum.photos/seed/combo44/200'),
(45, 'Combo đặc biệt 45', 478800, 'Mô tả cho combo 45', 'available', 'https://picsum.photos/seed/combo45/200'),
(46, 'Combo đặc biệt 46', 440835, 'Mô tả cho combo 46', 'available', 'https://picsum.photos/seed/combo46/200'),
(47, 'Combo đặc biệt 47', 769826, 'Mô tả cho combo 47', 'unavailable', 'https://picsum.photos/seed/combo47/200'),
(48, 'Combo đặc biệt 48', 357885, 'Mô tả cho combo 48', 'available', 'https://picsum.photos/seed/combo48/200'),
(49, 'Combo đặc biệt 49', 537873, 'Mô tả cho combo 49', 'available', 'https://picsum.photos/seed/combo49/200'),
(50, 'Combo đặc biệt 50', 437642, 'Mô tả cho combo 50', 'unavailable', 'https://picsum.photos/seed/combo50/200'),
(51, 'Combo đặc biệt 51', 322971, 'Mô tả cho combo 51', 'available', 'https://picsum.photos/seed/combo51/200'),
(52, 'Combo đặc biệt 52', 570201, 'Mô tả cho combo 52', 'available', 'https://picsum.photos/seed/combo52/200'),
(53, 'Combo đặc biệt 53', 615957, 'Mô tả cho combo 53', 'available', 'https://picsum.photos/seed/combo53/200'),
(54, 'Combo đặc biệt 54', 828764, 'Mô tả cho combo 54', 'unavailable', 'https://picsum.photos/seed/combo54/200'),
(55, 'Combo đặc biệt 55', 374860, 'Mô tả cho combo 55', 'available', 'https://picsum.photos/seed/combo55/200'),
(56, 'Combo đặc biệt 56', 839097, 'Mô tả cho combo 56', 'available', 'https://picsum.photos/seed/combo56/200'),
(57, 'Combo đặc biệt 57', 642861, 'Mô tả cho combo 57', 'available', 'https://picsum.photos/seed/combo57/200'),
(58, 'Combo đặc biệt 58', 486240, 'Mô tả cho combo 58', 'available', 'https://picsum.photos/seed/combo58/200'),
(59, 'Combo đặc biệt 59', 554152, 'Mô tả cho combo 59', 'available', 'https://picsum.photos/seed/combo59/200'),
(60, 'Combo đặc biệt 60', 662396, 'Mô tả cho combo 60', 'available', 'https://picsum.photos/seed/combo60/200'),
(61, 'Combo đặc biệt 61', 899376, 'Mô tả cho combo 61', 'unavailable', 'https://picsum.photos/seed/combo61/200'),
(62, 'Combo đặc biệt 62', 709427, 'Mô tả cho combo 62', 'available', 'https://picsum.photos/seed/combo62/200'),
(63, 'Combo đặc biệt 63', 229338, 'Mô tả cho combo 63', 'unavailable', 'https://picsum.photos/seed/combo63/200'),
(64, 'Combo đặc biệt 64', 839913, 'Mô tả cho combo 64', 'unavailable', 'https://picsum.photos/seed/combo64/200'),
(65, 'Combo đặc biệt 65', 765653, 'Mô tả cho combo 65', 'unavailable', 'https://picsum.photos/seed/combo65/200'),
(66, 'Combo đặc biệt 66', 859000, 'Mô tả cho combo 66', 'available', 'https://picsum.photos/seed/combo66/200'),
(67, 'Combo đặc biệt 67', 356284, 'Mô tả cho combo 67', 'unavailable', 'https://picsum.photos/seed/combo67/200'),
(68, 'Combo đặc biệt 68', 870422, 'Mô tả cho combo 68', 'unavailable', 'https://picsum.photos/seed/combo68/200'),
(69, 'Combo đặc biệt 69', 359531, 'Mô tả cho combo 69', 'available', 'https://picsum.photos/seed/combo69/200'),
(70, 'Combo đặc biệt 70', 528591, 'Mô tả cho combo 70', 'unavailable', 'https://picsum.photos/seed/combo70/200'),
(71, 'Combo đặc biệt 71', 371584, 'Mô tả cho combo 71', 'available', 'https://picsum.photos/seed/combo71/200'),
(72, 'Combo đặc biệt 72', 373708, 'Mô tả cho combo 72', 'unavailable', 'https://picsum.photos/seed/combo72/200'),
(73, 'Combo đặc biệt 73', 807159, 'Mô tả cho combo 73', 'available', 'https://picsum.photos/seed/combo73/200'),
(74, 'Combo đặc biệt 74', 206175, 'Mô tả cho combo 74', 'unavailable', 'https://picsum.photos/seed/combo74/200'),
(75, 'Combo đặc biệt 75', 275479, 'Mô tả cho combo 75', 'unavailable', 'https://picsum.photos/seed/combo75/200'),
(76, 'Combo đặc biệt 76', 741948, 'Mô tả cho combo 76', 'unavailable', 'https://picsum.photos/seed/combo76/200'),
(77, 'Combo đặc biệt 77', 540987, 'Mô tả cho combo 77', 'unavailable', 'https://picsum.photos/seed/combo77/200'),
(78, 'Combo đặc biệt 78', 721096, 'Mô tả cho combo 78', 'available', 'https://picsum.photos/seed/combo78/200'),
(79, 'Combo đặc biệt 79', 723373, 'Mô tả cho combo 79', 'unavailable', 'https://picsum.photos/seed/combo79/200'),
(80, 'Combo đặc biệt 80', 207629, 'Mô tả cho combo 80', 'unavailable', 'https://picsum.photos/seed/combo80/200'),
(81, 'Combo đặc biệt 81', 205239, 'Mô tả cho combo 81', 'available', 'https://picsum.photos/seed/combo81/200'),
(82, 'Combo đặc biệt 82', 822981, 'Mô tả cho combo 82', 'available', 'https://picsum.photos/seed/combo82/200'),
(83, 'Combo đặc biệt 83', 751709, 'Mô tả cho combo 83', 'available', 'https://picsum.photos/seed/combo83/200'),
(84, 'Combo đặc biệt 84', 647586, 'Mô tả cho combo 84', 'unavailable', 'https://picsum.photos/seed/combo84/200'),
(85, 'Combo đặc biệt 85', 800626, 'Mô tả cho combo 85', 'unavailable', 'https://picsum.photos/seed/combo85/200'),
(86, 'Combo đặc biệt 86', 382058, 'Mô tả cho combo 86', 'available', 'https://picsum.photos/seed/combo86/200'),
(87, 'Combo đặc biệt 87', 495783, 'Mô tả cho combo 87', 'unavailable', 'https://picsum.photos/seed/combo87/200'),
(88, 'Combo đặc biệt 88', 816630, 'Mô tả cho combo 88', 'unavailable', 'https://picsum.photos/seed/combo88/200'),
(89, 'Combo đặc biệt 89', 881677, 'Mô tả cho combo 89', 'unavailable', 'https://picsum.photos/seed/combo89/200'),
(90, 'Combo đặc biệt 90', 382274, 'Mô tả cho combo 90', 'available', 'https://picsum.photos/seed/combo90/200'),
(91, 'Combo đặc biệt 91', 613935, 'Mô tả cho combo 91', 'available', 'https://picsum.photos/seed/combo91/200'),
(92, 'Combo đặc biệt 92', 235090, 'Mô tả cho combo 92', 'unavailable', 'https://picsum.photos/seed/combo92/200'),
(93, 'Combo đặc biệt 93', 859607, 'Mô tả cho combo 93', 'available', 'https://picsum.photos/seed/combo93/200'),
(94, 'Combo đặc biệt 94', 569818, 'Mô tả cho combo 94', 'unavailable', 'https://picsum.photos/seed/combo94/200'),
(95, 'Combo đặc biệt 95', 337376, 'Mô tả cho combo 95', 'unavailable', 'https://picsum.photos/seed/combo95/200'),
(96, 'Combo đặc biệt 96', 723617, 'Mô tả cho combo 96', 'unavailable', 'https://picsum.photos/seed/combo96/200'),
(97, 'Combo đặc biệt 97', 203378, 'Mô tả cho combo 97', 'available', 'https://picsum.photos/seed/combo97/200'),
(98, 'Combo đặc biệt 98', 821985, 'Mô tả cho combo 98', 'available', 'https://picsum.photos/seed/combo98/200'),
(99, 'Combo đặc biệt 99', 891308, 'Mô tả cho combo 99', 'unavailable', 'https://picsum.photos/seed/combo99/200'),
(100, 'Combo đặc biệt 100', 582072, 'Mô tả cho combo 100', 'unavailable', 'https://picsum.photos/seed/combo100/200'),
(101, 'Combo đặc biệt 101', 461413, 'Mô tả cho combo 101', 'available', 'https://picsum.photos/seed/combo101/200'),
(102, 'Combo đặc biệt 102', 780737, 'Mô tả cho combo 102', 'unavailable', 'https://picsum.photos/seed/combo102/200'),
(103, 'Combo đặc biệt 103', 499936, 'Mô tả cho combo 103', 'available', 'https://picsum.photos/seed/combo103/200');

-- Insert into foods
INSERT INTO foods (id, name, description, price, image_url, status, meal_type) VALUES
(11, 'Món ăn 11', 'Mô tả món ăn 11', 90431, 'https://picsum.photos/seed/food11/200', 'available', 'breakfast'),
(12, 'Món ăn 12', 'Mô tả món ăn 12', 68690, 'https://picsum.photos/seed/food12/200', 'available', 'dessert'),
(13, 'Món ăn 13', 'Mô tả món ăn 13', 27350, 'https://picsum.photos/seed/food13/200', 'unavailable', 'lunch'),
(14, 'Món ăn 14', 'Mô tả món ăn 14', 34059, 'https://picsum.photos/seed/food14/200', 'available', 'lunch'),
(15, 'Món ăn 15', 'Mô tả món ăn 15', 170348, 'https://picsum.photos/seed/food15/200', 'available', 'dessert'),
(16, 'Món ăn 16', 'Mô tả món ăn 16', 165629, 'https://picsum.photos/seed/food16/200', 'available', 'dinner'),
(17, 'Món ăn 17', 'Mô tả món ăn 17', 137849, 'https://picsum.photos/seed/food17/200', 'available', 'dessert'),
(18, 'Món ăn 18', 'Mô tả món ăn 18', 113709, 'https://picsum.photos/seed/food18/200', 'unavailable', 'dinner'),
(19, 'Món ăn 19', 'Mô tả món ăn 19', 102543, 'https://picsum.photos/seed/food19/200', 'unavailable', 'lunch'),
(20, 'Món ăn 20', 'Mô tả món ăn 20', 104379, 'https://picsum.photos/seed/food20/200', 'unavailable', 'lunch'),
(21, 'Món ăn 21', 'Mô tả món ăn 21', 124134, 'https://picsum.photos/seed/food21/200', 'unavailable', 'dinner'),
(22, 'Món ăn 22', 'Mô tả món ăn 22', 43044, 'https://picsum.photos/seed/food22/200', 'unavailable', 'lunch'),
(23, 'Món ăn 23', 'Mô tả món ăn 23', 183757, 'https://picsum.photos/seed/food23/200', 'unavailable', 'dessert'),
(24, 'Món ăn 24', 'Mô tả món ăn 24', 152595, 'https://picsum.photos/seed/food24/200', 'unavailable', 'lunch'),
(25, 'Món ăn 25', 'Mô tả món ăn 25', 142118, 'https://picsum.photos/seed/food25/200', 'unavailable', 'breakfast'),
(26, 'Món ăn 26', 'Mô tả món ăn 26', 148831, 'https://picsum.photos/seed/food26/200', 'available', 'lunch'),
(27, 'Món ăn 27', 'Mô tả món ăn 27', 131088, 'https://picsum.photos/seed/food27/200', 'available', 'lunch'),
(28, 'Món ăn 28', 'Mô tả món ăn 28', 54471, 'https://picsum.photos/seed/food28/200', 'available', 'dessert'),
(29, 'Món ăn 29', 'Mô tả món ăn 29', 63337, 'https://picsum.photos/seed/food29/200', 'unavailable', 'lunch'),
(30, 'Món ăn 30', 'Mô tả món ăn 30', 105389, 'https://picsum.photos/seed/food30/200', 'available', 'lunch'),
(31, 'Món ăn 31', 'Mô tả món ăn 31', 34897, 'https://picsum.photos/seed/food31/200', 'available', 'dessert'),
(32, 'Món ăn 32', 'Mô tả món ăn 32', 137262, 'https://picsum.photos/seed/food32/200', 'unavailable', 'dinner'),
(33, 'Món ăn 33', 'Mô tả món ăn 33', 134270, 'https://picsum.photos/seed/food33/200', 'unavailable', 'dinner'),
(34, 'Món ăn 34', 'Mô tả món ăn 34', 112127, 'https://picsum.photos/seed/food34/200', 'unavailable', 'lunch'),
(35, 'Món ăn 35', 'Mô tả món ăn 35', 82484, 'https://picsum.photos/seed/food35/200', 'unavailable', 'breakfast'),
(36, 'Món ăn 36', 'Mô tả món ăn 36', 26614, 'https://picsum.photos/seed/food36/200', 'available', 'dessert'),
(37, 'Món ăn 37', 'Mô tả món ăn 37', 107312, 'https://picsum.photos/seed/food37/200', 'unavailable', 'lunch'),
(38, 'Món ăn 38', 'Mô tả món ăn 38', 198464, 'https://picsum.photos/seed/food38/200', 'unavailable', 'breakfast'),
(39, 'Món ăn 39', 'Mô tả món ăn 39', 78088, 'https://picsum.photos/seed/food39/200', 'unavailable', 'dessert'),
(40, 'Món ăn 40', 'Mô tả món ăn 40', 127509, 'https://picsum.photos/seed/food40/200', 'available', 'dessert'),
(41, 'Món ăn 41', 'Mô tả món ăn 41', 189859, 'https://picsum.photos/seed/food41/200', 'unavailable', 'lunch'),
(42, 'Món ăn 42', 'Mô tả món ăn 42', 104818, 'https://picsum.photos/seed/food42/200', 'available', 'lunch'),
(43, 'Món ăn 43', 'Mô tả món ăn 43', 21769, 'https://picsum.photos/seed/food43/200', 'available', 'lunch'),
(44, 'Món ăn 44', 'Mô tả món ăn 44', 183821, 'https://picsum.photos/seed/food44/200', 'available', 'dessert'),
(45, 'Món ăn 45', 'Mô tả món ăn 45', 86415, 'https://picsum.photos/seed/food45/200', 'available', 'dinner'),
(46, 'Món ăn 46', 'Mô tả món ăn 46', 85501, 'https://picsum.photos/seed/food46/200', 'available', 'lunch'),
(47, 'Món ăn 47', 'Mô tả món ăn 47', 115778, 'https://picsum.photos/seed/food47/200', 'available', 'dessert'),
(48, 'Món ăn 48', 'Mô tả món ăn 48', 111957, 'https://picsum.photos/seed/food48/200', 'available', 'dessert'),
(49, 'Món ăn 49', 'Mô tả món ăn 49', 122830, 'https://picsum.photos/seed/food49/200', 'unavailable', 'breakfast'),
(50, 'Món ăn 50', 'Mô tả món ăn 50', 95780, 'https://picsum.photos/seed/food50/200', 'unavailable', 'lunch'),
(51, 'Món ăn 51', 'Mô tả món ăn 51', 52758, 'https://picsum.photos/seed/food51/200', 'unavailable', 'dessert'),
(52, 'Món ăn 52', 'Mô tả món ăn 52', 165243, 'https://picsum.photos/seed/food52/200', 'unavailable', 'breakfast'),
(53, 'Món ăn 53', 'Mô tả món ăn 53', 23278, 'https://picsum.photos/seed/food53/200', 'unavailable', 'dessert'),
(54, 'Món ăn 54', 'Mô tả món ăn 54', 181091, 'https://picsum.photos/seed/food54/200', 'available', 'dessert'),
(55, 'Món ăn 55', 'Mô tả món ăn 55', 122959, 'https://picsum.photos/seed/food55/200', 'available', 'dessert'),
(56, 'Món ăn 56', 'Mô tả món ăn 56', 153819, 'https://picsum.photos/seed/food56/200', 'unavailable', 'lunch'),
(57, 'Món ăn 57', 'Mô tả món ăn 57', 51924, 'https://picsum.photos/seed/food57/200', 'available', 'dinner'),
(58, 'Món ăn 58', 'Mô tả món ăn 58', 81712, 'https://picsum.photos/seed/food58/200', 'unavailable', 'breakfast'),
(59, 'Món ăn 59', 'Mô tả món ăn 59', 94930, 'https://picsum.photos/seed/food59/200', 'unavailable', 'dessert'),
(60, 'Món ăn 60', 'Mô tả món ăn 60', 146245, 'https://picsum.photos/seed/food60/200', 'unavailable', 'dinner'),
(61, 'Món ăn 61', 'Mô tả món ăn 61', 140688, 'https://picsum.photos/seed/food61/200', 'available', 'dessert'),
(62, 'Món ăn 62', 'Mô tả món ăn 62', 165258, 'https://picsum.photos/seed/food62/200', 'available', 'dessert'),
(63, 'Món ăn 63', 'Mô tả món ăn 63', 126768, 'https://picsum.photos/seed/food63/200', 'available', 'lunch'),
(64, 'Món ăn 64', 'Mô tả món ăn 64', 143898, 'https://picsum.photos/seed/food64/200', 'unavailable', 'dessert'),
(65, 'Món ăn 65', 'Mô tả món ăn 65', 165538, 'https://picsum.photos/seed/food65/200', 'unavailable', 'dessert'),
(66, 'Món ăn 66', 'Mô tả món ăn 66', 53203, 'https://picsum.photos/seed/food66/200', 'available', 'dessert'),
(67, 'Món ăn 67', 'Mô tả món ăn 67', 180976, 'https://picsum.photos/seed/food67/200', 'available', 'dessert'),
(68, 'Món ăn 68', 'Mô tả món ăn 68', 176429, 'https://picsum.photos/seed/food68/200', 'unavailable', 'dessert'),
(69, 'Món ăn 69', 'Mô tả món ăn 69', 186025, 'https://picsum.photos/seed/food69/200', 'unavailable', 'breakfast'),
(70, 'Món ăn 70', 'Mô tả món ăn 70', 164226, 'https://picsum.photos/seed/food70/200', 'unavailable', 'breakfast'),
(71, 'Món ăn 71', 'Mô tả món ăn 71', 102294, 'https://picsum.photos/seed/food71/200', 'available', 'dessert'),
(72, 'Món ăn 72', 'Mô tả món ăn 72', 164478, 'https://picsum.photos/seed/food72/200', 'unavailable', 'dinner'),
(73, 'Món ăn 73', 'Mô tả món ăn 73', 160666, 'https://picsum.photos/seed/food73/200', 'unavailable', 'dessert'),
(74, 'Món ăn 74', 'Mô tả món ăn 74', 146312, 'https://picsum.photos/seed/food74/200', 'unavailable', 'breakfast'),
(75, 'Món ăn 75', 'Mô tả món ăn 75', 192930, 'https://picsum.photos/seed/food75/200', 'available', 'lunch'),
(76, 'Món ăn 76', 'Mô tả món ăn 76', 50616, 'https://picsum.photos/seed/food76/200', 'available', 'breakfast'),
(77, 'Món ăn 77', 'Mô tả món ăn 77', 114699, 'https://picsum.photos/seed/food77/200', 'available', 'dinner'),
(78, 'Món ăn 78', 'Mô tả món ăn 78', 139800, 'https://picsum.photos/seed/food78/200', 'unavailable', 'dinner'),
(79, 'Món ăn 79', 'Mô tả món ăn 79', 69014, 'https://picsum.photos/seed/food79/200', 'available', 'dessert'),
(80, 'Món ăn 80', 'Mô tả món ăn 80', 177354, 'https://picsum.photos/seed/food80/200', 'unavailable', 'breakfast'),
(81, 'Món ăn 81', 'Mô tả món ăn 81', 110813, 'https://picsum.photos/seed/food81/200', 'available', 'breakfast'),
(82, 'Món ăn 82', 'Mô tả món ăn 82', 41197, 'https://picsum.photos/seed/food82/200', 'unavailable', 'breakfast'),
(83, 'Món ăn 83', 'Mô tả món ăn 83', 152007, 'https://picsum.photos/seed/food83/200', 'available', 'breakfast'),
(84, 'Món ăn 84', 'Mô tả món ăn 84', 197118, 'https://picsum.photos/seed/food84/200', 'available', 'dessert'),
(85, 'Món ăn 85', 'Mô tả món ăn 85', 128034, 'https://picsum.photos/seed/food85/200', 'available', 'dessert'),
(86, 'Món ăn 86', 'Mô tả món ăn 86', 110892, 'https://picsum.photos/seed/food86/200', 'available', 'breakfast'),
(87, 'Món ăn 87', 'Mô tả món ăn 87', 66881, 'https://picsum.photos/seed/food87/200', 'unavailable', 'lunch'),
(88, 'Món ăn 88', 'Mô tả món ăn 88', 44260, 'https://picsum.photos/seed/food88/200', 'available', 'lunch'),
(89, 'Món ăn 89', 'Mô tả món ăn 89', 132553, 'https://picsum.photos/seed/food89/200', 'unavailable', 'dinner'),
(90, 'Món ăn 90', 'Mô tả món ăn 90', 197523, 'https://picsum.photos/seed/food90/200', 'unavailable', 'dessert'),
(91, 'Món ăn 91', 'Mô tả món ăn 91', 185629, 'https://picsum.photos/seed/food91/200', 'unavailable', 'breakfast'),
(92, 'Món ăn 92', 'Mô tả món ăn 92', 27238, 'https://picsum.photos/seed/food92/200', 'available', 'dinner'),
(93, 'Món ăn 93', 'Mô tả món ăn 93', 88616, 'https://picsum.photos/seed/food93/200', 'unavailable', 'dinner'),
(94, 'Món ăn 94', 'Mô tả món ăn 94', 40369, 'https://picsum.photos/seed/food94/200', 'available', 'breakfast'),
(95, 'Món ăn 95', 'Mô tả món ăn 95', 145828, 'https://picsum.photos/seed/food95/200', 'unavailable', 'breakfast'),
(96, 'Món ăn 96', 'Mô tả món ăn 96', 51476, 'https://picsum.photos/seed/food96/200', 'available', 'dinner'),
(97, 'Món ăn 97', 'Mô tả món ăn 97', 47838, 'https://picsum.photos/seed/food97/200', 'unavailable', 'breakfast'),
(98, 'Món ăn 98', 'Mô tả món ăn 98', 178604, 'https://picsum.photos/seed/food98/200', 'unavailable', 'breakfast'),
(99, 'Món ăn 99', 'Mô tả món ăn 99', 93541, 'https://picsum.photos/seed/food99/200', 'available', 'dessert'),
(100, 'Món ăn 100', 'Mô tả món ăn 100', 45427, 'https://picsum.photos/seed/food100/200', 'available', 'dinner'),
(101, 'Món ăn 101', 'Mô tả món ăn 101', 192608, 'https://picsum.photos/seed/food101/200', 'available', 'lunch'),
(102, 'Món ăn 102', 'Mô tả món ăn 102', 118491, 'https://picsum.photos/seed/food102/200', 'unavailable', 'breakfast'),
(103, 'Món ăn 103', 'Mô tả món ăn 103', 62591, 'https://picsum.photos/seed/food103/200', 'unavailable', 'lunch'),
(104, 'Món ăn 104', 'Mô tả món ăn 104', 149129, 'https://picsum.photos/seed/food104/200', 'available', 'breakfast'),
(105, 'Món ăn 105', 'Mô tả món ăn 105', 118783, 'https://picsum.photos/seed/food105/200', 'unavailable', 'dessert'),
(106, 'Món ăn 106', 'Mô tả món ăn 106', 151827, 'https://picsum.photos/seed/food106/200', 'available', 'breakfast'),
(107, 'Món ăn 107', 'Mô tả món ăn 107', 74709, 'https://picsum.photos/seed/food107/200', 'unavailable', 'breakfast'),
(108, 'Món ăn 108', 'Mô tả món ăn 108', 182934, 'https://picsum.photos/seed/food108/200', 'available', 'dinner'),
(109, 'Món ăn 109', 'Mô tả món ăn 109', 62353, 'https://picsum.photos/seed/food109/200', 'unavailable', 'dessert'),
(110, 'Món ăn 110', 'Mô tả món ăn 110', 118749, 'https://picsum.photos/seed/food110/200', 'unavailable', 'lunch'),
(111, 'Món ăn 111', 'Mô tả món ăn 111', 177324, 'https://picsum.photos/seed/food111/200', 'available', 'dessert'),
(112, 'Món ăn 112', 'Mô tả món ăn 112', 59546, 'https://picsum.photos/seed/food112/200', 'unavailable', 'dinner'),
(113, 'Món ăn 113', 'Mô tả món ăn 113', 122711, 'https://picsum.photos/seed/food113/200', 'unavailable', 'lunch'),
(114, 'Món ăn 114', 'Mô tả món ăn 114', 139990, 'https://picsum.photos/seed/food114/200', 'unavailable', 'lunch'),
(115, 'Món ăn 115', 'Mô tả món ăn 115', 123683, 'https://picsum.photos/seed/food115/200', 'available', 'dinner'),
(116, 'Món ăn 116', 'Mô tả món ăn 116', 178691, 'https://picsum.photos/seed/food116/200', 'unavailable', 'dinner'),
(117, 'Món ăn 117', 'Mô tả món ăn 117', 128155, 'https://picsum.photos/seed/food117/200', 'unavailable', 'lunch'),
(118, 'Món ăn 118', 'Mô tả món ăn 118', 54731, 'https://picsum.photos/seed/food118/200', 'available', 'dessert'),
(119, 'Món ăn 119', 'Mô tả món ăn 119', 69819, 'https://picsum.photos/seed/food119/200', 'unavailable', 'dessert'),
(120, 'Món ăn 120', 'Mô tả món ăn 120', 35988, 'https://picsum.photos/seed/food120/200', 'available', 'dessert'),
(121, 'Món ăn 121', 'Mô tả món ăn 121', 98877, 'https://picsum.photos/seed/food121/200', 'available', 'dessert'),
(122, 'Món ăn 122', 'Mô tả món ăn 122', 135387, 'https://picsum.photos/seed/food122/200', 'unavailable', 'breakfast'),
(123, 'Món ăn 123', 'Mô tả món ăn 123', 122591, 'https://picsum.photos/seed/food123/200', 'available', 'breakfast'),
(124, 'Món ăn 124', 'Mô tả món ăn 124', 182127, 'https://picsum.photos/seed/food124/200', 'unavailable', 'dessert'),
(125, 'Món ăn 125', 'Mô tả món ăn 125', 173136, 'https://picsum.photos/seed/food125/200', 'unavailable', 'breakfast'),
(126, 'Món ăn 126', 'Mô tả món ăn 126', 44066, 'https://picsum.photos/seed/food126/200', 'available', 'lunch'),
(127, 'Món ăn 127', 'Mô tả món ăn 127', 186286, 'https://picsum.photos/seed/food127/200', 'unavailable', 'dessert'),
(128, 'Món ăn 128', 'Mô tả món ăn 128', 137894, 'https://picsum.photos/seed/food128/200', 'available', 'lunch'),
(129, 'Món ăn 129', 'Mô tả món ăn 129', 179163, 'https://picsum.photos/seed/food129/200', 'available', 'lunch'),
(130, 'Món ăn 130', 'Mô tả món ăn 130', 188436, 'https://picsum.photos/seed/food130/200', 'available', 'dinner'),
(131, 'Món ăn 131', 'Mô tả món ăn 131', 21633, 'https://picsum.photos/seed/food131/200', 'unavailable', 'dessert'),
(132, 'Món ăn 132', 'Mô tả món ăn 132', 22675, 'https://picsum.photos/seed/food132/200', 'available', 'dinner'),
(133, 'Món ăn 133', 'Mô tả món ăn 133', 117353, 'https://picsum.photos/seed/food133/200', 'unavailable', 'dinner'),
(134, 'Món ăn 134', 'Mô tả món ăn 134', 132218, 'https://picsum.photos/seed/food134/200', 'available', 'breakfast'),
(135, 'Món ăn 135', 'Mô tả món ăn 135', 146333, 'https://picsum.photos/seed/food135/200', 'unavailable', 'dinner'),
(136, 'Món ăn 136', 'Mô tả món ăn 136', 176000, 'https://picsum.photos/seed/food136/200', 'available', 'lunch'),
(137, 'Món ăn 137', 'Mô tả món ăn 137', 138831, 'https://picsum.photos/seed/food137/200', 'available', 'lunch'),
(138, 'Món ăn 138', 'Mô tả món ăn 138', 61556, 'https://picsum.photos/seed/food138/200', 'available', 'breakfast'),
(139, 'Món ăn 139', 'Mô tả món ăn 139', 198651, 'https://picsum.photos/seed/food139/200', 'unavailable', 'breakfast'),
(140, 'Món ăn 140', 'Mô tả món ăn 140', 139735, 'https://picsum.photos/seed/food140/200', 'available', 'breakfast'),
(141, 'Món ăn 141', 'Mô tả món ăn 141', 25034, 'https://picsum.photos/seed/food141/200', 'available', 'breakfast'),
(142, 'Món ăn 142', 'Mô tả món ăn 142', 78418, 'https://picsum.photos/seed/food142/200', 'available', 'dessert'),
(143, 'Món ăn 143', 'Mô tả món ăn 143', 77931, 'https://picsum.photos/seed/food143/200', 'available', 'breakfast'),
(144, 'Món ăn 144', 'Mô tả món ăn 144', 151618, 'https://picsum.photos/seed/food144/200', 'unavailable', 'breakfast'),
(145, 'Món ăn 145', 'Mô tả món ăn 145', 157426, 'https://picsum.photos/seed/food145/200', 'unavailable', 'lunch'),
(146, 'Món ăn 146', 'Mô tả món ăn 146', 150389, 'https://picsum.photos/seed/food146/200', 'unavailable', 'breakfast'),
(147, 'Món ăn 147', 'Mô tả món ăn 147', 158275, 'https://picsum.photos/seed/food147/200', 'unavailable', 'breakfast'),
(148, 'Món ăn 148', 'Mô tả món ăn 148', 165292, 'https://picsum.photos/seed/food148/200', 'available', 'dessert'),
(149, 'Món ăn 149', 'Mô tả món ăn 149', 114581, 'https://picsum.photos/seed/food149/200', 'available', 'breakfast'),
(150, 'Món ăn 150', 'Mô tả món ăn 150', 193790, 'https://picsum.photos/seed/food150/200', 'unavailable', 'dessert'),
(151, 'Món ăn 151', 'Mô tả món ăn 151', 166335, 'https://picsum.photos/seed/food151/200', 'available', 'dinner'),
(152, 'Món ăn 152', 'Mô tả món ăn 152', 115073, 'https://picsum.photos/seed/food152/200', 'unavailable', 'dessert'),
(153, 'Món ăn 153', 'Mô tả món ăn 153', 95386, 'https://picsum.photos/seed/food153/200', 'unavailable', 'dessert'),
(154, 'Món ăn 154', 'Mô tả món ăn 154', 111181, 'https://picsum.photos/seed/food154/200', 'available', 'lunch'),
(155, 'Món ăn 155', 'Mô tả món ăn 155', 116356, 'https://picsum.photos/seed/food155/200', 'unavailable', 'dinner'),
(156, 'Món ăn 156', 'Mô tả món ăn 156', 62171, 'https://picsum.photos/seed/food156/200', 'available', 'dinner'),
(157, 'Món ăn 157', 'Mô tả món ăn 157', 99010, 'https://picsum.photos/seed/food157/200', 'available', 'dessert'),
(158, 'Món ăn 158', 'Mô tả món ăn 158', 189708, 'https://picsum.photos/seed/food158/200', 'unavailable', 'breakfast'),
(159, 'Món ăn 159', 'Mô tả món ăn 159', 98256, 'https://picsum.photos/seed/food159/200', 'unavailable', 'lunch'),
(160, 'Món ăn 160', 'Mô tả món ăn 160', 166173, 'https://picsum.photos/seed/food160/200', 'available', 'lunch'),
(161, 'Món ăn 161', 'Mô tả món ăn 161', 27794, 'https://picsum.photos/seed/food161/200', 'available', 'breakfast'),
(162, 'Món ăn 162', 'Mô tả món ăn 162', 194650, 'https://picsum.photos/seed/food162/200', 'unavailable', 'dessert'),
(163, 'Món ăn 163', 'Mô tả món ăn 163', 92840, 'https://picsum.photos/seed/food163/200', 'unavailable', 'dessert'),
(164, 'Món ăn 164', 'Mô tả món ăn 164', 41258, 'https://picsum.photos/seed/food164/200', 'available', 'dessert'),
(165, 'Món ăn 165', 'Mô tả món ăn 165', 124060, 'https://picsum.photos/seed/food165/200', 'unavailable', 'dinner'),
(166, 'Món ăn 166', 'Mô tả món ăn 166', 43001, 'https://picsum.photos/seed/food166/200', 'available', 'dinner'),
(167, 'Món ăn 167', 'Mô tả món ăn 167', 119502, 'https://picsum.photos/seed/food167/200', 'unavailable', 'breakfast'),
(168, 'Món ăn 168', 'Mô tả món ăn 168', 96047, 'https://picsum.photos/seed/food168/200', 'available', 'dessert'),
(169, 'Món ăn 169', 'Mô tả món ăn 169', 79561, 'https://picsum.photos/seed/food169/200', 'available', 'breakfast'),
(170, 'Món ăn 170', 'Mô tả món ăn 170', 95448, 'https://picsum.photos/seed/food170/200', 'unavailable', 'lunch'),
(171, 'Món ăn 171', 'Mô tả món ăn 171', 93455, 'https://picsum.photos/seed/food171/200', 'available', 'dinner'),
(172, 'Món ăn 172', 'Mô tả món ăn 172', 170304, 'https://picsum.photos/seed/food172/200', 'unavailable', 'lunch'),
(173, 'Món ăn 173', 'Mô tả món ăn 173', 145455, 'https://picsum.photos/seed/food173/200', 'available', 'dinner'),
(174, 'Món ăn 174', 'Mô tả món ăn 174', 57360, 'https://picsum.photos/seed/food174/200', 'unavailable', 'dinner'),
(175, 'Món ăn 175', 'Mô tả món ăn 175', 46823, 'https://picsum.photos/seed/food175/200', 'unavailable', 'lunch'),
(176, 'Món ăn 176', 'Mô tả món ăn 176', 109923, 'https://picsum.photos/seed/food176/200', 'unavailable', 'dinner'),
(177, 'Món ăn 177', 'Mô tả món ăn 177', 84194, 'https://picsum.photos/seed/food177/200', 'unavailable', 'dinner'),
(178, 'Món ăn 178', 'Mô tả món ăn 178', 55079, 'https://picsum.photos/seed/food178/200', 'unavailable', 'dinner'),
(179, 'Món ăn 179', 'Mô tả món ăn 179', 144944, 'https://picsum.photos/seed/food179/200', 'available', 'dinner'),
(180, 'Món ăn 180', 'Mô tả món ăn 180', 80985, 'https://picsum.photos/seed/food180/200', 'unavailable', 'dinner'),
(181, 'Món ăn 181', 'Mô tả món ăn 181', 197365, 'https://picsum.photos/seed/food181/200', 'unavailable', 'dessert'),
(182, 'Món ăn 182', 'Mô tả món ăn 182', 196078, 'https://picsum.photos/seed/food182/200', 'unavailable', 'lunch'),
(183, 'Món ăn 183', 'Mô tả món ăn 183', 138690, 'https://picsum.photos/seed/food183/200', 'available', 'breakfast'),
(184, 'Món ăn 184', 'Mô tả món ăn 184', 151411, 'https://picsum.photos/seed/food184/200', 'unavailable', 'breakfast'),
(185, 'Món ăn 185', 'Mô tả món ăn 185', 182701, 'https://picsum.photos/seed/food185/200', 'unavailable', 'dinner'),
(186, 'Món ăn 186', 'Mô tả món ăn 186', 91850, 'https://picsum.photos/seed/food186/200', 'available', 'dessert'),
(187, 'Món ăn 187', 'Mô tả món ăn 187', 186807, 'https://picsum.photos/seed/food187/200', 'unavailable', 'breakfast'),
(188, 'Món ăn 188', 'Mô tả món ăn 188', 175655, 'https://picsum.photos/seed/food188/200', 'available', 'lunch'),
(189, 'Món ăn 189', 'Mô tả món ăn 189', 184116, 'https://picsum.photos/seed/food189/200', 'unavailable', 'lunch'),
(190, 'Món ăn 190', 'Mô tả món ăn 190', 47065, 'https://picsum.photos/seed/food190/200', 'available', 'breakfast'),
(191, 'Món ăn 191', 'Mô tả món ăn 191', 117890, 'https://picsum.photos/seed/food191/200', 'available', 'dessert'),
(192, 'Món ăn 192', 'Mô tả món ăn 192', 89817, 'https://picsum.photos/seed/food192/200', 'available', 'lunch'),
(193, 'Món ăn 193', 'Mô tả món ăn 193', 56743, 'https://picsum.photos/seed/food193/200', 'available', 'dinner'),
(194, 'Món ăn 194', 'Mô tả món ăn 194', 38928, 'https://picsum.photos/seed/food194/200', 'unavailable', 'lunch'),
(195, 'Món ăn 195', 'Mô tả món ăn 195', 93710, 'https://picsum.photos/seed/food195/200', 'unavailable', 'breakfast'),
(196, 'Món ăn 196', 'Mô tả món ăn 196', 21673, 'https://picsum.photos/seed/food196/200', 'unavailable', 'lunch'),
(197, 'Món ăn 197', 'Mô tả món ăn 197', 114013, 'https://picsum.photos/seed/food197/200', 'available', 'dinner'),
(198, 'Món ăn 198', 'Mô tả món ăn 198', 101149, 'https://picsum.photos/seed/food198/200', 'available', 'lunch'),
(199, 'Món ăn 199', 'Mô tả món ăn 199', 50350, 'https://picsum.photos/seed/food199/200', 'available', 'dinner'),
(200, 'Món ăn 200', 'Mô tả món ăn 200', 139665, 'https://picsum.photos/seed/food200/200', 'available', 'dessert'),
(201, 'Món ăn 201', 'Mô tả món ăn 201', 46188, 'https://picsum.photos/seed/food201/200', 'available', 'dessert'),
(202, 'Món ăn 202', 'Mô tả món ăn 202', 185869, 'https://picsum.photos/seed/food202/200', 'unavailable', 'breakfast'),
(203, 'Món ăn 203', 'Mô tả món ăn 203', 29215, 'https://picsum.photos/seed/food203/200', 'available', 'breakfast'),
(204, 'Món ăn 204', 'Mô tả món ăn 204', 185723, 'https://picsum.photos/seed/food204/200', 'available', 'dessert'),
(205, 'Món ăn 205', 'Mô tả món ăn 205', 131135, 'https://picsum.photos/seed/food205/200', 'available', 'dinner'),
(206, 'Món ăn 206', 'Mô tả món ăn 206', 43573, 'https://picsum.photos/seed/food206/200', 'unavailable', 'lunch'),
(207, 'Món ăn 207', 'Mô tả món ăn 207', 51855, 'https://picsum.photos/seed/food207/200', 'available', 'dinner'),
(208, 'Món ăn 208', 'Mô tả món ăn 208', 171586, 'https://picsum.photos/seed/food208/200', 'available', 'lunch'),
(209, 'Món ăn 209', 'Mô tả món ăn 209', 44593, 'https://picsum.photos/seed/food209/200', 'available', 'dinner'),
(210, 'Món ăn 210', 'Mô tả món ăn 210', 70318, 'https://picsum.photos/seed/food210/200', 'unavailable', 'breakfast');

-- Insert into combo_food
INSERT INTO combo_food (combo_id, food_id, quantity) VALUES
(4, 199, 1),
(4, 138, 1),
(4, 55, 2),
(4, 125, 3),
(4, 190, 2),
(5, 77, 2),
(5, 84, 1),
(5, 97, 2),
(5, 187, 1),
(5, 173, 2),
(6, 171, 2),
(6, 128, 2),
(6, 138, 2),
(6, 172, 3),
(7, 150, 2),
(7, 63, 2),
(7, 30, 1),
(7, 77, 3),
(7, 189, 2),
(8, 117, 2),
(8, 204, 1),
(8, 83, 1),
(8, 192, 3),
(8, 135, 3),
(9, 149, 3),
(9, 38, 3),
(9, 183, 2),
(9, 135, 3),
(10, 196, 3),
(10, 127, 3),
(10, 166, 1),
(10, 86, 1),
(11, 186, 1),
(11, 121, 3),
(11, 183, 3),
(12, 106, 1),
(12, 108, 2),
(12, 170, 2),
(12, 75, 2),
(12, 160, 2),
(13, 45, 1),
(13, 148, 3),
(13, 182, 1),
(13, 52, 3),
(13, 108, 2),
(14, 34, 1),
(14, 183, 3),
(14, 159, 1),
(14, 120, 1),
(14, 40, 2),
(15, 76, 1),
(15, 90, 1),
(15, 101, 3),
(15, 65, 3),
(16, 55, 3),
(16, 47, 1),
(16, 121, 1),
(16, 120, 3),
(17, 39, 3),
(17, 151, 3),
(17, 33, 2),
(17, 201, 1),
(17, 136, 2),
(18, 124, 2),
(18, 185, 3),
(18, 13, 1),
(19, 51, 3),
(19, 176, 1),
(19, 180, 3),
(20, 155, 2),
(20, 24, 1),
(20, 13, 1),
(20, 40, 3),
(20, 164, 3),
(21, 154, 2),
(21, 115, 2),
(21, 202, 3),
(22, 13, 1),
(22, 144, 1),
(22, 142, 3),
(22, 74, 2),
(23, 56, 1),
(23, 140, 1),
(23, 205, 3),
(23, 133, 3),
(23, 106, 2),
(24, 58, 2),
(24, 190, 3),
(24, 126, 1),
(24, 109, 1),
(24, 92, 3),
(25, 119, 2),
(25, 22, 3),
(25, 167, 2),
(25, 11, 3),
(25, 127, 1),
(26, 24, 1),
(26, 46, 1),
(26, 15, 3),
(26, 74, 3),
(26, 69, 1),
(27, 201, 1),
(27, 161, 3),
(27, 200, 3),
(28, 180, 1),
(28, 92, 2),
(28, 87, 3),
(28, 107, 2),
(28, 17, 3),
(29, 48, 2),
(29, 72, 1),
(29, 118, 3),
(29, 76, 3),
(30, 80, 1),
(30, 171, 2),
(30, 127, 3),
(30, 209, 2),
(30, 63, 1),
(31, 78, 2),
(31, 195, 2),
(31, 64, 1),
(32, 155, 2),
(32, 53, 3),
(32, 51, 2),
(33, 74, 3),
(33, 21, 1),
(33, 117, 3),
(34, 148, 3),
(34, 134, 2),
(34, 119, 1),
(34, 191, 2),
(35, 90, 2),
(35, 17, 1),
(35, 118, 2),
(36, 194, 2),
(36, 180, 3),
(36, 127, 2),
(36, 35, 2),
(37, 68, 2),
(37, 166, 1),
(37, 64, 3),
(38, 202, 3),
(38, 143, 3),
(38, 145, 3),
(38, 69, 1),
(38, 52, 1),
(39, 72, 3),
(39, 71, 2),
(39, 134, 2),
(39, 24, 3),
(40, 99, 1),
(40, 114, 3),
(40, 137, 1),
(40, 129, 2),
(40, 28, 1),
(41, 79, 2),
(41, 82, 1),
(41, 156, 3),
(42, 37, 3),
(42, 178, 2),
(42, 76, 3),
(42, 23, 2),
(43, 181, 2),
(43, 114, 3),
(43, 75, 3),
(43, 68, 2),
(43, 186, 3),
(44, 181, 2),
(44, 63, 2),
(44, 109, 3),
(44, 95, 3),
(45, 162, 1),
(45, 40, 1),
(45, 55, 2),
(46, 108, 2),
(46, 30, 1),
(46, 208, 2),
(46, 80, 2),
(47, 203, 2),
(47, 22, 2),
(47, 123, 2),
(47, 144, 2),
(48, 41, 3),
(48, 156, 2),
(48, 126, 2),
(48, 36, 1),
(48, 209, 1),
(49, 72, 2),
(49, 123, 2),
(49, 173, 3),
(49, 149, 3),
(49, 65, 3),
(50, 49, 2),
(50, 181, 1),
(50, 189, 1),
(50, 159, 1),
(51, 162, 2),
(51, 182, 3),
(51, 175, 2),
(51, 82, 2),
(52, 18, 3),
(52, 185, 3),
(52, 118, 3),
(53, 97, 2),
(53, 71, 3),
(53, 154, 3),
(54, 123, 3),
(54, 49, 3),
(54, 120, 1),
(54, 33, 3),
(54, 148, 2),
(55, 166, 3),
(55, 136, 1),
(55, 123, 2),
(56, 110, 1),
(56, 205, 3),
(56, 135, 2),
(56, 179, 2),
(56, 210, 3),
(57, 151, 3),
(57, 159, 2),
(57, 166, 2),
(57, 40, 1),
(57, 18, 1),
(58, 94, 3),
(58, 207, 3),
(58, 175, 2),
(58, 183, 1),
(58, 80, 3),
(59, 182, 2),
(59, 79, 3),
(59, 113, 3),
(60, 195, 3),
(60, 178, 2),
(60, 172, 3),
(60, 41, 1),
(60, 162, 3),
(61, 174, 1),
(61, 53, 1),
(61, 31, 1),
(61, 196, 2),
(62, 145, 3),
(62, 42, 3),
(62, 138, 2),
(62, 21, 2),
(62, 189, 1),
(63, 165, 1),
(63, 106, 3),
(63, 156, 2),
(63, 29, 3),
(63, 167, 2),
(64, 13, 1),
(64, 60, 1),
(64, 82, 1),
(64, 59, 3),
(65, 46, 1),
(65, 172, 1),
(65, 133, 1),
(66, 202, 3),
(66, 43, 1),
(66, 78, 2),
(66, 72, 1),
(67, 168, 3),
(67, 159, 2),
(67, 108, 3),
(68, 158, 3),
(68, 173, 1),
(68, 177, 1),
(69, 141, 3),
(69, 26, 3),
(69, 160, 3),
(69, 155, 3),
(70, 139, 2),
(70, 134, 3),
(70, 203, 1),
(70, 165, 1),
(71, 163, 3),
(71, 193, 2),
(71, 123, 3),
(71, 94, 3),
(71, 165, 2),
(72, 102, 2),
(72, 203, 2),
(72, 116, 1),
(73, 130, 1),
(73, 145, 1),
(73, 97, 2),
(74, 114, 1),
(74, 15, 2),
(74, 48, 1),
(74, 54, 3),
(74, 140, 1),
(75, 150, 2),
(75, 137, 1),
(75, 143, 3),
(75, 108, 1),
(75, 160, 2),
(76, 40, 2),
(76, 73, 2),
(76, 86, 1),
(76, 33, 1),
(77, 149, 2),
(77, 118, 2),
(77, 204, 3),
(78, 41, 1),
(78, 74, 3),
(78, 60, 3),
(78, 47, 1),
(78, 120, 2),
(79, 118, 1),
(79, 131, 2),
(79, 143, 3),
(79, 80, 1),
(80, 174, 2),
(80, 43, 3),
(80, 138, 2),
(80, 28, 2),
(80, 144, 3),
(81, 189, 2),
(81, 81, 2),
(81, 181, 3),
(82, 176, 1),
(82, 200, 2),
(82, 197, 1),
(82, 82, 2),
(82, 42, 2),
(83, 35, 3),
(83, 116, 3),
(83, 30, 1),
(83, 205, 3),
(84, 195, 3),
(84, 60, 2),
(84, 72, 2),
(84, 88, 1),
(84, 134, 3),
(85, 147, 2),
(85, 74, 2),
(85, 202, 3),
(86, 71, 2),
(86, 40, 3),
(86, 96, 2),
(87, 151, 2),
(87, 14, 1),
(87, 180, 2),
(88, 205, 3),
(88, 191, 1),
(88, 114, 3),
(88, 154, 1),
(88, 148, 2),
(89, 192, 2),
(89, 12, 3),
(89, 205, 3),
(89, 95, 3),
(90, 195, 3),
(90, 67, 2),
(90, 139, 2),
(90, 193, 2),
(90, 98, 3),
(91, 26, 3),
(91, 14, 1),
(91, 114, 2),
(91, 140, 2),
(91, 163, 2),
(92, 83, 2),
(92, 41, 1),
(92, 40, 1),
(92, 104, 3),
(92, 28, 3),
(93, 119, 1),
(93, 91, 2),
(93, 50, 3),
(93, 168, 2),
(94, 52, 3),
(94, 114, 2),
(94, 20, 3),
(94, 88, 1),
(94, 103, 1),
(95, 189, 2),
(95, 87, 3),
(95, 157, 3),
(96, 205, 2),
(96, 111, 3),
(96, 195, 1),
(97, 92, 3),
(97, 108, 1),
(97, 209, 1),
(98, 164, 2),
(98, 70, 1),
(98, 168, 1),
(98, 56, 3),
(98, 188, 2),
(99, 85, 2),
(99, 201, 2),
(99, 72, 3),
(99, 38, 2),
(99, 82, 1),
(100, 119, 1),
(100, 125, 2),
(100, 168, 1),
(100, 28, 1),
(101, 134, 3),
(101, 120, 3),
(101, 137, 3),
(101, 159, 1),
(102, 60, 2),
(102, 149, 2),
(102, 45, 3),
(102, 167, 2),
(103, 23, 2),
(103, 53, 2),
(103, 93, 3);